営業担当,リストグループ,主な病床機能,予算案策定時期,病院区分,法人名称等,病院名,病院名（カナ）,URL,創立日,創立日備考,診療科,病床数,病床の内訳,郵便番号,都道府県,住所1,電話番号,直通・内線など,FAX,E-mail,法人　郵便番号,法人　住所,法人　電話番号,出版DM用　肩書,出版DM用　宛名,WBDM用　肩書,WBDM用　宛名,役職,名前,フリガナ,出身（卒年）専門,秘書（所属　氏名）,秘書メールアドレス,役職２,名前２,フリガナ2,出身（卒年）専門２,メールアドレス２,役職3,名前3,フリガナ3,メールアドレス３,役職４,名前４,フリガナ４,メールアドレス４,事務長　役職名,事務長,フリガナ,メールアドレス,看護部長　役職名,看護部長,フリガナ,メールアドレス,出版実績,　売上実績,ESPS実績,　売上実績,トピックス,備考欄,
出塚 中島 片桐,,,,都道府県立,,長崎県病院企業団,ナガサキケンビョウインキギョウダン,https://www.nagasaki-hosp-agency.or.jp/,2009-04-01,企業団設立,"",1501,8病院、診療所、医療センター等,850-0035,長崎県,長崎市元船町17-1　長崎県大波止ビル7階,095-825-2255,095-801-0293（総務人事班直通）,,,,,,,,,,企業長,米倉　正大→　八橋　弘,ヤツハシ　ヒロシ,長崎大学（1984年）消化器内科（ウイルス肝炎、肝がん）,,,,,,,,,,,,総務人事班,村松→山野井260401,,,,,,,,,,,,"",,"",全国病院事業管理者協議会会員,"長崎県精神医療センター　139
長崎県島原病院　　　　　254
長崎県五島中央病院　　　304
長崎県富江病院　　　　　55
長崎県上五島病院　　　　186
長崎県対馬病医院　　　　275
長崎県上対馬病院　　　　60
長崎県壱岐病院　　　　　228
***********************************
８病院３診療所
離島地域における病院再編に注力
医師/看護師の確保が課題",
出塚 片桐 大山,内部留保が多い（2016年度）,,,都道府県立,,愛媛県立中央病院,エヒメケンリツチュウオウビョウイン,http://www.eph.pref.ehime.jp/epch/,1948-06-01,,"",827,,790-0024,愛媛県,松山市春日町83番地,089-947-1111,,089-943-4136,,,,,院長,中西　徳彦,,,院長,菅　政治→中西　徳彦,ナカニシ,岡山大学（1986年）呼吸器内科,,,秘書,坂本→相原（あいばら）→大森→小野,,,,,,,,,,,,事務局長,松本 英樹,,,看護部長,越智　小百合⇒青野　洋子⇒　不明,,,,"",,"",災害拠点病院（基幹） TAVI,"",
出塚 片桐,,,,都道府県立,,福井県立病院,フクイケンリツビョウイン,https://fph.pref.fukui.lg.jp/,1950-04-01,,"",737,,910-0846,福井県,福井市四ツ井2-8-1,0776-54-5151,,077-657-2945,,,,,院長,道傳 研司,,,院長,橋爪泰夫→吉川淳→道傳研司→　二宮　致,ニノミヤ　イタス,金沢大学（1988年）消化器外科、食道外科,,,,,,,,,,,,,,,,事務局長,竹内　宏治,,,看護部長,西田 美幸⇒  村田　みゆき,,,,"",,"",災害拠点病院（基幹） 都道府県がん診療連携拠点病院,"陽子線がん治療センターを持つ",
出塚 中島 片桐,,精神病院 急性期,,都道府県立,,兵庫県立はりま姫路総合医療センター,ヒョウゴケンリツハリマヒメジソウゴウイリョウセンター,https://hgmc.hyogo.jp/index.html,1939-02-02,診療開始　統合開設は2022/5,"",736,救命救急44、集中治療32、その他一般644、精神科16,670-8560,兵庫県,姫路市神屋町3丁目264番地,079-289-5080,,,,,,,,,,,院長,木下 芳一,,神戸大学（昭和55年）消化器内科,,,,,,,,,,,,,,,,管理局長,柏木 英士,,,看護部長,西田 真由美,,,,"",,"",,"2022年5月　製鉄記念広畑病院と兵庫県立姫路循環器病センターが統合して開設",
出塚 片桐,,,,都道府県立,,富山県立中央病院,,http://www.tch.pref.toyama.jp/,1942-11-01,,"",733,,930-8550,富山県,富山市西長江2-2-78,076-424-1531,,076-422-0667,kohei.nishikawa@pref.toyama.lg.jp,,,,病院長,加治　正英,,,病院長,清水康一→臼田和生→　加治　正英,カジ　マサヒデ,消化器外科,,,秘書,高岡,,,,,,,,,,,,事務局長,太田  浩男 ,,,看護部長,高長　雅美（たかなが）→四十田　真理子,Mariko Aida,,,"",,"",DPCⅡ群 災害拠点病院（基幹） 都道府県がん診療連携拠点病院,"2014年DPCⅡ群昇格",
出塚 中島 片桐,,,2025/9/1 Wedge 広島県は、県立広島病院、県立二葉の里病院（旧・JR広島病院）、中電病院、広島がん高精度放射線治療センターの4医療機関を統合し、JR広島駅前に1000床規模の新病院の設立を計画している。高度医療提供体制を整備し、2030年度中の開院を目指す,都道府県立,,県立広島病院,ケンリツヒロシマビョウイン,http://www.hph.pref.hiroshima.jp/,1877-05-01,,"",707,一般病床657床、精神病床50床,734-8530,広島県,広島市南区宇品神田１丁目5番54号,082-254-1818,,,,,,,,,,,院長,木矢?平川?板本　敏行,イタモト　トシユキ,広島大学（昭和５８）外科,,,,,,,,,,,,,,,,事務局長,山口 浩央,,,看護部長,石橋 里美→島田 洋子260401,,,南々社,"",,"",災害拠点病院（基幹）,"2030年にJR広島病院、中電病院、広島がん高精度放射線治療センターと統合予定",
出塚 中島,2018年DPC特定病院群 内部留保が多い（2016年度）,,2032年10月青森市民病院と統合予定／2025年12月26日東奥日報　,都道府県立,,青森県立中央病院,アオモリケンリツチュウオウビョウイン,http://aomori-kenbyo.jp/,1952-01-01,,"",694,,030-8553,青森県,青森市東造道2-1-1,017-726-8111,,017-726-8325,,,,,病院事業管理者,廣田　和美,,,病院長,吉田茂昭→藤野安弘→廣田　和美,ヒロタ　カズヨシ,弘前大学　麻酔科　昭和６１年卒,,,病院事業管理者,吉田茂昭→大山　力,,,,院長・事業管理者秘書,工藤→藤川,,,,,,,,,,,看護部長,髙林　良子→田口　真紀子,,,2015,"",,"",災害拠点病院（基幹）,"青森市立病院と統合予定。統合に向けて出版を提案しよう。新病院は統合に絡めてとなる。",
出塚 片桐 田村,2018年DPC特定病院群,,,都道府県立,,岩手県立中央病院,,https://chuo-hp.jp/,1933-05-01,,"",685,,020-0066,岩手県,盛岡市上田１丁目４番１号,019-653-1151,,019-653-2528,,,,,院長,宮田　剛,,,院長,望月　泉→宮田　剛→　臼田　昌広,ウスダ　マサヒロ,東北大学（平成6）消化器外科,,,秘書,若林,,,,,,,,,,,,事務局長,一井　誠　→　不明,いちい,,看護部長,稲見　敬子⇒遠藤　和江,,,2016,"",,"",地域がん診療連携拠点病院 がん５年生存率WORST2021,"",
出塚 田村,内部留保が多い（2016年度）,,,都道府県立,,石川県立中央病院,,http://www.pref.ishikawa.jp/ipch/index.html,1948-11-01,,"",662,,920-8530,石川県,金沢市鞍月東2丁目1番地,076-237-8211,,076-238-5366,soumuka@ipch.jp,,,,病院長,岡田俊英,,,病院長,山田 哲司→岡田　俊英,,東北大学1986年　消化器内科,,,,,,,,,,,,,,,,管理局長,土田 壽久→不明,,,看護部長,江藤　真由美,,,,"",,"",,"",
出塚 中島,2018年DPC特定病院群,,,都道府県立,,山形県立中央病院,,http://www.ypch.gr.jp/,1897-08-01,,"",660,,990-2214,山形県,山形市青柳1800,023-685-2626,,023-685-2603,hommakoji1@ypch.gr.jp,,,,院長,鈴木克典　,,,院長,後藤敏和→武田弘明→鈴木克典　,,,,,,,,,,,,,,事務局次長,吉田 憲明260401(職員のハラスメント担当),,,事務局長,吉川 隆→寺崎 琴文260401,,,副院長兼看護部長,菅井　憲子,,,,"",,"",災害拠点病院（基幹） がん５年生存率BEST2021,"",
出塚 中島 片桐,,,,都道府県立,,香川県立中央病院,カガワケンリツチュウオウビョウイン,http://www.chp-kagawa.jp/,1945-10-01,,"",631,,760-8557,香川県,高松市朝日町一丁目2番1号,087-811-3333,その他の方は3,087-802-1188,ab6355@pref.kagawa.lg.jp,,,,院長,髙口　浩一,,,院長,太田吉夫→河内 正光→髙口　浩一,たかぐち,岡山大学（昭和61）消化器内科,,,秘書,田岡祐子→和田→大西,,,,,,,,,,,,事務局長,遠山 宏→定浪 裕紀260401,,,副院長(兼)看護部長,丹羽 美裕紀→片岡布美子,にわ,,,"",,"",全国病院事業管理者協議会会員 DPCⅡ群 災害拠点病院（基幹） TAVI,"",
出塚 中島 片桐,内部留保が多い（2016年度）,,,都道府県立,,大分県立病院,,http://hospital.pref.oita.jp/,1880-03-01,,"",630,,870-8511,大分県, 大分市豊饒二丁目8番1号,097-546-7111,,,incho_hisyo@oitakenbyo.jp,,,,院長,宇都宮 徹,,,院長,田代→井上敏郎→佐藤 昌司→宇都宮 徹,,,,,院長秘書,堀→植木,,,,,大分県病院局長,佐藤 昌司,,総務経営課長,渋谷 健司,シブヤ,,,,,,,小畑 絹代⇒副院長兼看護部長　後藤 紀代美,,,,"",,"",地域医療支援病院 地域がん診療連携拠点病院 災害拠点病院（基幹）,"",
出塚 中島,,,,都道府県立,高知県・高知市病院企業団立,高知医療センター,コウチイリョウセンター,https://www2.khsc.or.jp/,2005-03-01,,"",620,一般病床	548 床／精神病床	44 床／結核病床	20 床／感染症病床	8 床,781-8555,高知県,高知市池２１２５－１,088-837-3000,,,yoshie_yokoya@khsc.or.jp,,,,病院長,林　和俊,,,病院長,吉川清志→島田安博→小野憲昭→　林　和俊,,高知大学（1989年）産婦人科,,,秘書,池田→横矢→田村→藤川,,,,,,,,,,,,事務局長,濵田　仁,,,看護局長,田鍋 雅子,,,,"",,"",全国病院事業管理者協議会会員 DPCⅡ群 災害拠点病院（基幹） TAVI,"",
出塚 中島 片桐,,,,都道府県立,,静岡県立静岡がんセンター,,http://www.scchr.jp/,2002-09-06,,"",615,,411-8777,静岡県,駿東郡長泉町下長窪１００７,055-989-5222,,,m.kiuchi@scchr.jp,,,,病院長,上坂 克彦,,,総長,高橋満→上坂 克彦,うえさか,名古屋大学1982年肝、胆、膵臓外科,,,秘書,木内,,,,総長,山口　建,ヤマグチ　ケン　慶應（昭和49）がんゲノム医療,,,,,,事務局長,堀川　俊,,,看護部長,遠藤 久美→水主いづみ,　　　　　すいしゅ,,,"",,"",都道府県がん診療連携拠点病院 DPCⅡ群,"2014年DPCⅡ群昇格
",
出塚 中島 片桐,,,,都道府県立,,東京都立小児総合医療センター,ショウニソウゴウイリョウセンター,http://www.tmhp.jp/shouni/,2010-03-01,開設,"",561,,183-8561,東京都,府中市武蔵台2-8-29,042-300-5111,,042-312-8162,masaru_miura@tmhp.jp,,,,院長,山岸　敬幸,,,院長,本田→廣部誠一→　山岸　敬幸,ヤマギシ　ヒロユキ,慶應義塾大学（昭和58）　外科、小児科,,,,,,,,,,,,,,,,,不明,,,看護部長,佐野 美香⇒亀田　律子,,,,"",,"",,"2018年４月　廣部先生院長就任",
出塚 片桐 大山,内部留保が多い（2016年度）,,,都道府県立,,沖縄県立中部病院,オキナワケンリツチュウブビョウイン,https://chubuweb.hosp.pref.okinawa.jp/,1946-04-21,,"",559,一般 555床　感染 4床,904-2293,沖縄県,うるま市宮里281,098-973-4111,音声案内　４,098-973-2703,chubu_hisho@hosp.pref.okinawa.jp,,,,院長,天願　俊穂,,,院長,松本廣嗣→上原元 →本竹秀光→玉城和光→天願　俊穂,てんがん　としほ,琉球大学（1990年）心臓血管外科,,,秘書,橋本→平良,,,,,,,,,,,,事務部長,新里　恵子→北川征一郎,しんざと,,看護部長,神里敬子（かみざと）⇒金森智江,,,2017,"",,"",災害拠点病院（基幹）,"群星沖縄（ﾑﾘﾌﾞｼｵｷﾅﾜ）臨床研修病院群プロジェクト
沖縄県立中部病院、沖縄協同病院、ハートライフ病院、豊見城中央病院、中頭病院、浦添総合病院、大浜第一病院、中部徳洲会病院",
出塚 中島 片桐,,,,都道府県立,,島根県立中央病院,,http://www.spch.izumo.shimane.jp/,1940-01-01,,"",554,,693-8555,島根県,出雲市姫原4-1-1,0853-22-5111,,085-321-2975,incho-hisho@pref.shimane.lg.jp,,,,病院長病院事業管理者,中川　正久,,,病院長,菊池　清→小阪　真二,,,,,病院長秘書,園山→永見→永田→加納,,,,病院事業管理者,中川　正久,,,看護部長（局長の下である看護部の部長という位置づけ）無料診断の窓口,山本真理子,,saruko@spch.izumo.shimane.jp,事務局長,勝部　恵治,かつべ,,看護局長,伊藤 千加子→田根　圭子,t-keiko@spch.izumo.shimane.jp,,2017,"",,"",地域がん診療連携拠点病院,"",
出塚 中島 片桐,,,兵庫県立西宮病院と同県西宮市立中央病院を統合再編して令和8年7月1日開院,都道府県立,,兵庫県立西宮総合医療センター（旧：兵庫県立西宮病院）,ヒョウゴケンリツニシノミヤソウゴウイリョウセンター,https://nishinomiya-gmc.hyogo.jp/,1921-12-01,上記は西宮市立中央病院前身。県立西宮病院の発足は1936/01/01,"",552,一般400→552,663-8241,兵庫県,?宮市津??塚町11番62号,0798-31-7700,,,,,,,院長,野口　眞三郎,,,院長,河田?　野口　眞三郎,ノグチ　シンサブロウ,大阪大学（昭和55）乳がん,,,,,,,,,,,,,,,,,,,,看護部長,福島　芳江→宮原 明美,,,,"",,"",,"兵庫県指定がん診療連携拠点病院
2019年4月　野口先生院長就任
2026年　西宮市立中央病院と統合再編予定",
出塚,,,,都道府県立,,滋賀県立総合病院　（旧　滋賀県立成人病センター）,しがけんりつそうごうびょういん,https://www.pref.shiga.lg.jp/kensou/,1970-12-01,,"",541,,524-8524,滋賀県,守山市守山５丁目４番３０号,077-582-5031,,077-582-5426,so.fujii@mdc.med.shiga-pref.jp,,,,総長兼病院長,足立 壯一,,,総長兼病院長,宮地良樹→一山　智→　足立 壯一,,京都大学,,,秘書,平井→藤井薗美→田口・下村,,,,,,,,,,,,事務局長,村田 昌史→　不明,,,副院長 兼 看護部長,西村 路子,,,2021,"",,"",都道府県がん診療連携拠点病院 TOP交代 がん５年生存率BEST2021,"病院長　2015年10月就任",
出塚 中島,内部留保が多い（2016年度）,,,都道府県立,,新潟県立中央病院,,http://www.cent-hosp.pref.niigata.jp/,1875-04-01,,"",534,,943-0147,新潟県,上越市新南町205,025-522-7711,,025-521-3720,shomu02@cent-hosp.pref.niigata.jp,,,,院長,田部　浩行,,,院長,矢澤正知 → 長谷川正樹→田部　浩行,タベ　ヒロユキ,,,,庶務課,武田→田村,,,,,,,,,,,,事務長,綱島　正司,,,看護部長,佐藤　裕子⇒田中　浩之,,,,"",,"",,"",
出塚 中島 片桐,,,,都道府県立,,茨城県立こころの医療センター,,https://www.mc-kokoro.pref.ibaraki.jp/,1950-05-01,,"",525,,309-1717,茨城県,笠間市旭町654,0296-77-1151,,,mc-kokoro@pref.ibaraki.lg.jp,,,,病院長,太刀川　弘和,,,病院長,土井永史→堀孝文→　太刀川　弘和,タチカワ ヒロカズ,筑波大学,,,,,,,,,,,,,,,,,,,,看護局長,野尻　陽子,,,,"",,"",,"",
出塚 片桐,,,,都道府県立,,鳥取県立中央病院,トットリケンリツチュウオウビョウイン,http://www.pref.tottori.lg.jp/chuoubyouin/,1949-02-01,,"",518,,680-0901,鳥取県,鳥取市江津730,0857-26-2271,,0857-29-3227,cb_medicalassistant8@pref.tottori.jp,,,,院長,千酌 浩樹,,,院長,日野　理彦 → 池口正英→廣岡　保明→千酌 浩樹,チクミ　ヒロキ,鳥取大学（）感染症内科,,,秘書,中河→河口典子（結婚した）,,,,,,,,総務課　人事企画担当,,,,,,,,,西山あゆみ,,,,"",,"",病院病棟新築・移転 DPCⅡ群 災害拠点病院（基幹）,"DPC第二群
平成30年度　新病院完成
",
出塚 中島 片桐,,,,都道府県立,,宮崎県立宮崎病院,,http://kenritsu-miyazakibyouin.jp/,1921-10-01,,"",502,一般459床、精神35床、感染8床,880-8510,宮崎県,宮崎市北高松町5-30,0985-24-4181,,098-528-1881,fukuda-yuka@pref.miyazaki.lg.jp,,,,院長,眞柴 晃一,,,院長,豊田→菊池郁夫→嶋本富博→　眞柴 晃一,マシバ　コウイチ,藤田保健衛生大学（1988年）内科全般・感染症・膠原病,,,総務,福田由香,,,,,,,,,,,,,徳地 清孝,とくじ,,看護部長,日髙 明美→井上　洋子,,,,"",,"",地域がん診療連携拠点病院 災害拠点病院（基幹） がん５年生存率BEST2021,"",
出塚 中島,2018年DPC特定病院群,,2025.3.25産経：茨城県は、水戸市や笠間市など6市町をカバーする「水戸保健医療圏」の再編に向け、県立中央病院（笠間市）と県立こども病院（水戸市）を統合し、新たな県立病院を建設すると発表した→2026/03/28　日本工業経済新聞（茨城版）   　県病院局は、県立中央病院とこども病院を統合した新病院建設へ新年度は基本計画を策定するほか、建設用地の測量調査および取得等を進める。２０２７年度以降に基本・実施設計、造成整備工事等を進め、34年度ごろまでの開業を目指す。,都道府県立,,茨城県立中央病院・茨城県地域がんセンター,イバラギケンリツチュウオウビョウイン,http://www.hospital.pref.ibaraki.jp/chuo/,1956-01-01,,"",500,,309-1793,茨城県,笠間市鯉淵６５２８,0296-77-1121,,0296-77-2886,a-shimada@chubyoin.pref.ibaraki.jp,,,,病院長,島居　徹,,,病院長,永井秀雄→吉川裕之→島居　徹,しまずい,筑波大学（）泌尿器,,,事務局長,田村昭悟→増田 淳之(2026.4.1),,,,秘書,嶋田→大原,,,,,,,事務局次長,渡辺 敦史⇒いとう→木下 広志(2026.4.1),,,看護局長,秋山　順子,,,,"",,"",地域がん診療連携拠点病院,"平成27年4月から産科スタート、小児科強化
",
出塚 大山,,,,都道府県立,,愛知県がんセンター,アイチケンガンセンターチュウオウビョイン,http://www.pref.aichi.jp/cancer-center/hosp/,,,"",500,特別病床80、一般病床393、特殊病床27,464-8681,愛知県,名古屋市千種区鹿子殿１－１,052-762-6111,その他の方は3,,,,,,総長,丹羽康正,,,総長,木下平→高橋隆→丹羽　康正,ニワ　ヤスマサ,名古屋大学（昭和58年）昭和58年,,,院長,篠田雅幸→丹羽康正→山本 一仁,,,,秘書,佐野→園（その）,,,,,,,運用部長,横井　満,,,副院長兼看護部長,林美子⇒山崎　祥子,,,,"",,"",地域がん診療連携拠点病院 TOP交代 がん５年生存率BEST2021,"平成26年　50周年　
H27年4月　院長交代　篠田雅幸→丹羽",
出塚 片桐 田村,,,,都道府県立,,岩手県立大船渡病院,オオフナトビョウイン,http://oofunato-hp.com/,1935-08-01,,"",489,一般370、精神105、結核10、感染4　,022-8512,岩手県,大船渡市大船渡町字山馬越１０－１,0192-26-1111,,019-227-9285,,,,,院長,星田　徹,,,院長,伊藤→渕向→中野→　星田　徹,ホシダ,東北大学(1991年)脳神経外科,,,,,,,,,,,,,,,,事務局長,,,,総看護師長,箱石 恵子⇒斉藤 るり子⇒菅原 小百合⇒須田 佳与,,,,"",,"",地域がん診療連携拠点病院,"2018年8月　渕向先生院長就任か？",
出塚 中島 片桐,,精神病院,,都道府県立,,兵庫県立ひょうごこころの医療センター,,https://hmhc.jp/,1937-04-01,,"",478,,651-1242,兵庫県,神戸市北区山田町上谷上字登り尾3,078-581-1013,,,,,,,,,,,院長,加藤寛→土井→田中→　青山　慎介,アオヤマ,神戸大学（2003年）精神科神経科,,,,,,,,,,,,,,,,管理局長,門田 高弘→石川 雅重260401,もんた,,,奥　由香→　不明→安藤　彰美,,,,"",,"",,"",
出塚 中島 片桐,,,,都道府県立,,新潟県立新発田病院,,http://www.sbthp.jp/index.html,1885-01-01,陸軍衛戍病院として創立　2006/11現在地に移転,"",478,,957-8588,新潟県,新発田市本町1-2-8,0254-22-3121,,025-422-4783,,,,,院長,田中 典生,,,院長,塚田 芳久→ 田中 典生,,新潟大学（昭和60）消化器・一般外科,,,院長秘書,貝瀬,,,,,,,,,,,,事務長,渡邉 守朗→北村 友紀(2026.4.1),,,看護部長,五十嵐　聡子→小野　義夫(2026.4.1),,,,"",,"",DPCⅡ群,"",
出塚 中島 片桐,,,,都道府県立,,徳島県立中央病院,トクシマケンリツチュウオウビョウイン,https://tph.pref.tokushima.lg.jp/,1953-07-01,,"",460,,770-8539,徳島県,徳島市蔵本町1-10-3,088-631-7151,,088-631-8354,,770-8570,徳島県徳島市万代町1丁目1番地　徳島県病院局,088-621-2215,病院長,葉久 貴司,,,病院事業管理者,北畑 洋,キタハタ,徳島大学（1956年）麻酔科,,,病院長,西村匡司→葉久 貴司,,,,,,,,事務局次長,西田 晃,,,事務局長,藤井 博→廣瀨 和久,,,副院長兼看護局長,宮本 美恵→岩本尚美060401,,,,"",,"",DPCⅡ群 災害拠点病院（基幹）,"2014年DPCⅡ群昇格",
出塚 中島 片桐,,,,都道府県立,,山形県立新庄病院,ヤマガタケンリツシンジョウビョウイン,http://www.ysh.pref.yamagata.jp/,1945-04-23,前身の新庄町立病院開設,"",454,,996-0025,山形県,新庄市若葉町12番55号,0233-22-5525,,023-323-2987,,,,,院長,八戸　茂美,,,院長,八戸　茂美,ハチノヘ　シゲミ,弘前大学　消化器内科,,,,,,,,,,,,,,,,副院長兼事務局長,細梅　日出樹,,,看護部長,峯田　弥生→関越実千世,　　　　　せきごしみちよ,,,"",,"",地域がん診療連携拠点病院,"",
出塚 片桐,,急性期,,都道府県立,,兵庫県立淡路医療センター,アワジイリョウセンター,https://www.awajimc.jp/,1956-04-20,,"",441,一般377、精神45、結核⑮、感染４）,656-0021,兵庫県,洲本市塩屋1丁目1-137,0799-22-1200,,0799-24-5704,info@awaji-hosp.sumoto.hyogo.jp,,,,院長,鈴木 康之,,,院長, 小山　隆司→　鈴木 康之,,神戸大学（昭和58年）消化器外科、香川大学名誉教授,,,,,,,,,,,,,,,,,,,,看護部長,藤原功己→居神 真実,　　　　　イカミ　マミ,,,"",,"",地域がん診療連携拠点病院,"",
出塚 片桐 大山,,,,都道府県立,,沖縄県立南部医療センター・こども医療センター,オキナワケンリツナンブイリョウセンター・コドモイリョウセンター,http://www.hosp.pref.okinawa.jp/nanbu/,2006-04-01,,"",434,,901-1193,沖縄県,島尻郡南風原町字新川１１８番地の１,098-888-0123,音声案内　このまま,098-888-6400,nanbu_chiken@hosp.pref.okinawa.jp,,,,院長,重盛 康司,,,院長,佐久→小濱→和氣→福里吉充→　重盛 康司,シゲモリ ヤスジ,信州大学（）放射線科,,,,,,,,秘書,高安,,,,,,,事務部長,稲嶺 秀樹,いなみね,,看護部長,古堅 敦子→津波古 正江,　　　　　　つはこ,,,"",,"",TOP交代,"2014年にⅡ群昇格　2016年に降格
2019年4月　小濱先生院長就任
",
出塚 片桐 田村,,急性期,,都道府県立,,岩手県立中部病院,イワテケンリツチュウブビョウイン,http://www.chubu-hp.com/index.php,2009-04-01,県立花巻厚生病院と県立北上病院が統合,"",434,,024-8507,岩手県,北上市村崎野１７地割１０番地,0197-71-1511,,019-771-1414,ea1013@pref.iwate.jp,,,,院長,川村英伸,,,院長,遠藤→伊藤達朗→吉田徹→　川村　英伸,カワムラ　ヒデノブ,岩手医大（平成元）消化器外科（肝胆膵）,,,,,,,,,,,,,,,,事務局長,,,,総看護師長,菊池共子⇒斉藤 るり子⇒笠寺　容子,,,,"",,"",地域がん診療連携拠点病院 がん５年生存率WORST2021,"2018年4月　伊藤先生院長就任",
出塚 片桐,,精神病院,,都道府県立,,石川県立こころの病院,,http://www.pref.ishikawa.jp/takabyo/,1966-05-17,,"",400,精神科病床,929-1214,石川県,かほく市内高松ヤ36,076-281-1125,,076-282-5356,,,,,,,,,病院長 ,北村 立,キタムラ　タツル,自治医科大学（昭和62）精神科、老年精神医学,,,,,,,,,,,,,,,,総務課長,,,,看護部長,坂上 章,,,,"",,"",,"",
出塚 中島 片桐,,,,都道府県立,,新潟県立精神医療センター,,http://www.psyche-niigata.jp/index.html,1955-11-01,,"",400,,940-0015,新潟県,長岡市寿2-4-1,0258-24-3930,,025-824-3891,,,,,,,,,院長　　,細木　俊宏,,,,,,,,,,,,,,,,,,事務長,,,,看護部長,小林 和栄→佐藤　妙子→田中　寛美260401,,,,"",,"",,"",
出塚 中島 片桐,内部留保が多い（2016年度）,,,都道府県立,,宮崎県立延岡病院,,http://nobeoka-kenbyo.jp/,1948-09-01,,"",399,一般病床　395床、感染症病床　4床,882-0835,宮崎県,延岡市新小路2-1-10,0982-32-6181,,098-232-6759,yyana1214k@pref-hp.nobeoka.miyazaki.jp,,,,院長,山口　哲朗,,,院長,栁邊安秀→寺尾公成→　山口　哲朗,ヤマグチ　テツロウ,,,,庶務担当→医療秘書,真田様→石川→小野→野口,,,,,,,,,,,,事務局長,牛ノ濱 和秀,うしのはま,,看護部長,藻原 せつ（もはら）⇒小泉さなえ,,,,"",,"",地域医療支援病院,"",
出塚 中島 片桐,内部留保が多い（2016年度）,,,都道府県立,,新潟県立がんセンター新潟病院,,http://www.niigata-cc.jp/,1950-05-01,,"",367,,951-8566,新潟県,新潟市中央区川岸町2-15-3,025-266-5111,,025-266-9385,ikyoku@niigata-cc.jp,,,,院長,田中　洋史,,,院長,佐藤 信昭→田中 洋史,,,,,,,,,,,,,,,,,,事務長,滝澤　茂夫,,,看護部長,長谷川 美津枝→田村　恵美子,,,,"",,"",都道府県がん診療連携拠点病院 がん５年生存率BEST2021,"",
出塚 中島 片桐,内部留保が多い（2016年度）,,,都道府県立,,兵庫県立がんセンター,ヒョウゴケンリツガンセンター,http://www.hyogo-cc.jp/,1962-09-01,,"",360,,673-0021,兵庫県,明石市北王子町13-70,078-929-1151,,078-929-2380,,,,,院長,富永　正寛,,,院長,足立　→　吉村　雅裕→　	富永　正寛,,,,,,,,,,,,,,,,,,,,,,看護部長,松本 奈美→小山 美幸→奥 由香260401,　　　　　こやま,,,"",,"",がんゲノム医療中核拠点・連携病院 地域がん診療連携拠点病院 都道府県がん診療連携拠点病院,"院長交代",
出塚 中島 片桐,,,,都道府県立,高知県立,幡多けんみん病院,ハタケンミンビョウイン,http://www.pref.kochi.lg.jp/hata/byoin/,1948-05-01,発足、1999/4/24県民病院として診療開始,"",355,,788-0785,高知県,宿毛市山奈町芳奈3番地１,0880-66-2222,,,,,,,,,,,病院長,橘→矢部　敏和→福井 直樹,ヤベ　トシカズ,愛媛大学　循環器内科,,,,,,,,,,,,,,,,経営事業部長,橋本 立→角田憲紀,直通：0880-66-2244,ritsu_hashimoto@ken2.pref.kochi.lg.jp→noritoshi_tsunoda@ken3.pref.kochi.lg.jp,,横山理恵→伊吹 奈津恵,,kkenminbingyuan@gmail.com→natsue_ibuki@ken3.pref.kochi.lg.jp,,"",,"",地域がん診療連携拠点病院 がん５年生存率WORST2021,"2019年４月　矢部先生院長就任",
出塚 中島 片桐,内部留保が多い（2016年度）,,,都道府県立,,鹿児島県立大島病院,カゴシマケンリツオオシマビョウイン,http://hospital.pref.kagoshima.jp/oshima/,1901-03-01,,"",350,,894-0015,鹿児島県,奄美市名瀬真名津町18-1,0997-52-3611,,,,,,,,,,,院長,眞田　→　石神　純也,イシガミ　スミヤ,鹿児島大学　消化器外科,,,,,,,,,,,,総務課総務係長,畠中成久,,,,,,,　　　　　　　　　　　　　　　　　　　　　　看護部長,今城 峰⇒太倉　章子⇒坂元 なるみ(総看護師長)→鶴田　恵,,,,"",,"",地域医療支援病院 地域がん診療連携拠点病院,"２０１８年４月　石神先生院長就任",
出塚 中島 片桐,,精神病院,,都道府県立,,三重県立こころの医療センター,,http://www.pref.mie.lg.jp/KOKOROHP/HP/index.htm,1950-03-01,開設,"",348,,514-0818,三重県,津市城山１丁目１２?１,059-235-2125,その他の方は3,,,,,,院長,森川　将行,,,院長　　,森川　将行,モリカワ　マサユキ,奈良県立医科大学（平成3年）精神医学,,,秘書,塩田,,,,,,,,,,,,運営調整部　部長,おかむら,,,看護部長,吉田博樹→木高　広美260401,,,,"",,"",,"",
出塚 片桐,内部留保が多い（2016年度）,,,都道府県立,,岩手県立胆沢病院,イワテケンリツイサワビョウイン,http://www.isawa-hp.com/index.php,1936-01-01,新病院開院は1997/3/1,"",346,,023-0864,岩手県,奥州市水沢区字龍ヶ馬場６１番地,0197-24-4121,,019-724-8194,,,,,病院長,鈴木 俊郎,,,病院長,勝又宇一郎→郷右近祐司→　鈴木 俊郎,ゴウコン,北海道大学　呼吸器内科,,,,,,,,,,,,,,,,,,,,,,,,,"",,"",地域がん診療連携拠点病院,"",
出塚 片桐 大山,2018年DPC特定病院群 内部留保が多い（2016年度）,その他専門病院,,都道府県立,,千葉県がんセンター,チバケンガンセンター,http://www.pref.chiba.lg.jp/gan/,1972-01-01,創立,"",341,,260-8717,千葉県,千葉市中央区仁戸名町６６６－２,043-264-5431,,043-262-8680,chiken@chiba-cc.jp,,,,病院長,加藤　厚,,,病院長,山口武人→藤里正視→　加藤　厚,カトウ　アツシ,千葉大学（1989年）肝胆膵外科,,,,,,,,,,,,,,,,事務局長,内山　亜弥子（R４）→　不明,,,看護局長,鈴木美香→山田みつぎ,,,,"",,"",都道府県がん診療連携拠点病院 がん５年生存率BEST2021,"2020年春　新病院完成予定　初夏に開院予定
　　　　　450床に増床",
出塚 片桐,,,,都道府県立,,岩手県立久慈病院,イワテケンリツクジビョウイン,http://www.kuji-hp.com/index.php,1950-11-01,,"",334,一般267床、救命救急20床、回復期リハ43床、感染4床,028-0014,岩手県,久慈市旭町第10地割1番,0194-53-6131,,019-452-2601,,,,,,,,,院長,吉田→　遠野　千尋,トオノ　チヒロ,自治医科大学（平成３年）　外科,,,,,,,,,,,,,,,,,,,,,,,,,"",,"",地域がん診療連携拠点病院,"",
出塚 片桐,,,,都道府県立,,群馬県立がんセンター,グンマケンリツガンセンター,http://www.gunma-cc.jp/,1955-11-01,,"",332,,373-0828,群馬県,太田市高林西町617-1,0276-38-0771,,,,,,,院長,柳田　康弘,,,院長,猿木 → 鹿沼→　柳田　康弘,ヤナギタ　ヤスヒロ,宮崎医科大学 (1987年)　乳腺科,,,,,,,,,,,,,,,,事務局長,長谷 康夫,はせ,,看護部長,堀越 真奈美,,,,"",,"",地域がん診療連携拠点病院 がん５年生存率BEST2021,"",
出塚 中島 片桐,,,,都道府県立,社会福祉法人　兵庫県社会福祉事業団,兵庫県立リハビリテーション中央病院,,http://www.hwc.or.jp/hospital/,1969-10-01,,"",330,,651-2181,兵庫県,神戸市西区曙町1070,078-927-2727,,,h_miura@hwc.or.jp,,,,病院長,大串　幹,,,病院長,井口→橋本 靖→　大串　幹,オオグシ ミキ,佐賀医科大学（1986年）→熊本大学　リハビリテーション、整形外科,,,,,,,,,,,,,,,,,,,,看護部長,岸 典子→柏木 史江,,,,"",,"",,"",
出塚 片桐,,,,都道府県立,,沖縄県立北部病院,オキナワケンリツホクブビョウイン,http://www.hosp.pref.okinawa.jp/hokubu/,1946-02-01,,"",327,,905-8512,沖縄県,名護市大中2-12-3,0980-52-2719,,098-054-2298,,,,,,,,,院長,久貝忠男→　佐々木 尚美,クガイ→　ササキ,名古屋大学（）小児科,,,,,,,,,,,,,,,,総務課,,,,看護部長,比屋根三和子　→　備瀬　珠美　→　田代　泉,　　　　　　　　　びせ,,,"",,"",,"2018/04/01　久貝先生院長就任
北部医師会病院との再編統合を計画中",
出塚 片桐,,,,都道府県立,,愛媛県立今治病院,エヒメケンリツイマバリビョウイン,http://www.eph.pref.ehime.jp/epimah/index.htm,1945-09-01,,"",320,,794-0006,愛媛県,今治市石井町４丁目5-5,0898-32-7111,,,,,,,院長,川上　秀生,,,院長,藤田→　川上　秀生,カワカミ　ヒデオ,愛媛大学（1989年）循環器内科,,,,,,,,,,,,,,,,事務局長,村田　純一郎　,,,看護部長,菅 美幸 →　松原 理香→岡本　奈美,,,,"",,"",,"",
出塚 片桐,,精神病院,,都道府県立,,愛知県精神医療センター,アイチケンセイシンイリョウセンター,https://apmc.pref.aichi.jp/,1932-12-06,,"",315,,464-0031,愛知県,名古屋市千種区徳川山町4-1-7,052-763-1511,,052-763-2519,,,,,院長,粉川　進,,,院長,粉川→　高木　宏,タカギ　ヒロシ,岐阜大学（平成２）　精神科,,,,,,,,,,,,,,,,事務長,小野田 敏明→不明（小林 滋宏？）,,,看護部長,鳴田 慶紀（なるた）→則竹 真生子（のりたけ）,,,,"",,"",,"",
出塚 中島 片桐,,,,都道府県立,,兵庫県立加古川医療センター,,https://kenkako.jp/about-us/outline/informations/,1936-06-01,,"",307,一般病棟207床、救命救急センター26床、緩和ケア病棟24床、感染症病棟8床、障害者病棟42床,675-8555,兵庫県,加古川市神野町神野２０３,079-497-7000,,,,,,,,,,,院長　,小川　恭弘→　田中　宏和,,神戸大学（1986年）泌尿器科,,,,,,,,秘書,中川,,,管理局長,門田　高弘,,,,,,,看護部長,淺田　弘子（あさだ）→中尾 美喜子→？20260401,,,,"",,"",,"",
出塚 片桐,内部留保が多い（2016年度）,,,都道府県立,,岩手県立磐井病院,イワイビョウイン,http://www.iwai-hp.com/index.php,1949-01-01,,"",305,,029-0192,岩手県,一関市狐禅寺字大平１７,0191-23-3452,,019-123-9691,,,,,病院長,阿部 隆之,,,病院長,加藤博孝→佐藤耕一郎→　阿部 隆之,アベ　タカユキ,東北大学（1992年）　消化器外科,,,,,,,,,,,,,,,,,,,,,,,,,"",,"",地域医療支援病院 地域がん診療連携拠点病院,"",
出塚 片桐,,,,都道府県立,,鳥取県立厚生病院,トットリケンリツコウセイビョウイン,https://www.pref.tottori.lg.jp/kouseibyouin/,1930-06-01,,"",304,,682-0804,鳥取県,倉吉市東昭和町150番地,0858-22-8181,,0858-22-1350,kouseibyouin@pref.tottori.jp,,,,病院長,齊藤　博昭,,,病院長,皆川→花木啓一→　齊藤　博昭,ハナキ　ケイイチ,鳥取大学（）消化器外科,,,,,,,,,,,,,,,,事務局長,,,,看護局長,小椋 美保子（おぐら）,,,,"",,"",地域がん診療連携拠点病院,"",
出塚 中島 片桐,,,,都道府県立,,兵庫県立丹波医療センター,ヒョウゴケンリツタンバイリョウセンター,https://tmc.hyogo.jp/,1953-01-01,,"",303,一般303,669-3495,兵庫県,丹波市氷上町石生２００２番地７,0795-88-5200,,,,,,,,,,,院長,秋田→　西崎 朗,ニシザキ,神戸大学（昭和58）,,,,,,,,,,,,,,,,管理局長,細見 和正→粟飯原　弘尚20260401,,,,金谷 美恵子（かなたに）→井口 綾子20260401,,,,"",,"",地域がん診療連携拠点病院 病院病棟新築・移転,"柏原赤十字病院と統合新病院
2019年7月1日　県立丹波医療センター開設",
出塚 片桐,,,,都道府県立,,沖縄県立八重山病院,オキナワケンリツヤエヤマビョウイン,https://yaeyamaweb.hosp.pref.okinawa.jp/,1949-07-09,,"",302,一般258、結核6、精神38,907-0002,沖縄県,石垣市真栄里584-1,0980-87-5557,,,,,,,,,,,院長,篠﨑→和氣亨→　田仲　斉,ワケ→　タナカ　ヒトシ,自治医科大学（1991年）,,,,,,,,,,,,,,,,事務部長,宮良 安英　→　稲嶺,みやら,,看護部長,名嘉 律子　→　砂川 綾子（2025年度より副院長）　→　上江洲 美智子,               　　　        （すながわ）/　　　　　　　　　　　うえず,,,"",,"",,"2018年10月　新病院移転",
中島,,回復期,2025/2/26新潟日報：2027年秋に新病院開業　現地建て替え、基本設計に着手し改築本格化へ,都道府県立,,新潟県立吉田病院,ニイガタケンリツヨシダビョウイン,https://yoshida-hp.jp/,1955-05-01,,"",302,,959-0242,新潟県,燕市吉田大保町32番14号,0256-92-5111,,0256-92-2610,iji@yoshida-hosp.jp,,,,院長,中村 厚夫,,,院長,須田武保→　中村 厚夫,スダ　タケヤス,新潟大学（昭和56）　消化器外科,,,,,,,,,,,,,,,,事務長,小野 敏則→不明,,,,部長：本間 圭子　副部長：スダ？,,,,"",,"",病院病棟新築・移転,"2024/3/1　県央基幹病院に統合",
Well-being,,,,都道府県立,,和歌山県立こころの医療センター,,https://www.pref.wakayama.lg.jp/prefg/050112/050112.html,,,"",300,,643-0811,和歌山県,有田郡有田川町庄31,0737-52-3221,,073-752-5571,e0501121@pref.wakayama.lg.jp,,,,,,,,,,,,,,,,,,,,,,,,,,,事務局長,もりぶち？,,,,中澤 範子⇒岸　／副看護部長：赤松,,,,"",,"",,"",
出塚 片桐 大山,,精神病院,,都道府県立,福岡県立精神医療センター,太宰府病院,,http://www.dazaifu-hsp.jp/,1931-11-01,,"",300,,818-0125,福岡県,太宰府市五条3丁目8番1号,092-922-3137,,,,,,,,,,,院長　　,小嶋 享二,,,,,,,,,,,,,,,,,,事務部長,江浦 三弘,えうら,,看護部長,皆越 美香（みなごし）⇒不明,,,,"",,"",,"",
出塚 中島,,,,都道府県立,,兵庫県立こども病院,ひょうごけんりつこどもびょういん,http://www.hyogo-kodomo-hosp.com/index.php,1970-04-01,,"",290,,650-0047,兵庫県,神戸市中央区港島南町1丁目６－７,078-945-7300,,078-302-1023,,,,,院長,飯島　一誠,,,院長,長嶋達也→中尾秀人→飯島　一誠,ナカオ　ヒデト,神戸大学（昭和53）　小児科　総合周産期医療センター長,,,秘書,藤川さん→みなかみさん,,,,,,,,,,,,管理局長,髙﨑 徳子,,たかさき,看護部長,大西 美樹→奥　由香,,,,"",,"",病院病棟新築・移転 TOP交代,"平成28年5月1日　現在地に新築移転
平成29年4月1日　管理者　中尾先生",
渡辺,,,,都道府県立,,岩手県立釜石病院,イワテケンリツカマイシビョウイン,http://www.kamaishi-hp.com/,,,"",272,,026-8550,岩手県,釜石市甲子町第１０地割483番地6,0193-25-2011,,019-323-9479,,,,,,,,,病院長,坂下　伸夫,サカシタ　ノブオ,自治医科大学,,,,,,,,,,,,,,,,事務局長,,,,総看護部長,村上 恵理子,,,,"",,"",地域がん診療連携拠点病院,"2019年4月　坂下先生院長就任",
中島,,,,都道府県立,,高知県立あき総合病院,コウチケンリツアキソウゴウビョウイン,http://www.pref.kochi.lg.jp/aki/,,,"",270,,784-0027,高知県,安芸市宝永町3番33号,0887-34-3111,,0887-34-2687,,,,,病院長,前田　博教,,,病院長,前田　博教,マエダ　ヒロノリ,宮崎医科大学（平成元年）　消化器外科,,,,,,,,,,,,,,,,経営事業部長,山本 博,hiromu_yamamoto@ken3.pref.kochi.lg.jp,,看護部長,中屋 美智,,,,"",,"",,"高知県地域がん診療病院",
中島,,,,都道府県立,,愛知県医療療育総合センター中央病院,,https://www.pref.aichi.jp/addc/eachfacility/tyuuou/index.html,,,"",267,,480-0304,愛知,春日井市神屋町713-8,0568-88-0811,,056-888-0828,,,,,,,,,病院長,新美　教弘,,,,,,,,,,,,,,看護副部長,宮田里美,,,運用部長,おがた,,,看護部長,松井 美和子→佐藤 佳子→岩田 直子,,,,"",,"",,"",
出塚,,精神病院,,都道府県立,,岩手県立一戸病院,,http://www.ichinohe-hp.com/,1931-01-01,,"",266,,028-5312,岩手県,二戸郡一戸町一戸砂森60-1,0195-33-3101,,019-532-2171,,,,,院長,小井田　潤一,,,院長　　,小井田　潤一,コイダ,,,,,,,,,,,,,,,,,,,,,,,,,,"",,"",,"",
出塚,,,,都道府県立,,沖縄県立精和病院,,http://www.hosp.pref.okinawa.jp/seiwa/index.html,1961-05-06,,"",250,,901-1105,沖縄県,島尻郡南風原町新川260,098-889-1390,,,,,,,院長,親富祖 勝己,,,院長　　,親富祖 勝己,おやふそ,,,,医局秘書,,,,,,,,,,,,,事務部長,翁長 道代→　,おなが？おきなが？,,看護部長,古堅 敦子→かねく,ふるげん？,,,"",,"",,"",
渡辺,,,,都道府県立,,岩手県立二戸病院,イワテケンリツニノヘビョウイン,http://www.ninohe-hp.net/,1929-04-01,,"",235,一般225、結核10,028-6193,岩手県,二戸市堀野字大川原毛３８番地2,0195-23-2191,,019-523-2834,,,,,,,,,病院長,佐藤 昌之,サトウ　マサユキ,岩手医科大学（昭和55）　産婦人科,,,,,,,,,,,,,,,,,,,,,,,,,"",,"",地域がん診療連携拠点病院,"",
中島,,精神病院,,都道府県立,青森県病院局,青森県立つくしが丘病院,,https://aomori-tsukushigaoka.jp/,,,"精神科／歯科（入院患者のみ）",230,,038-0031,青森県,青森市三内字沢部353番地92,017-787-2121,,017-788-5086,,,,,,,,,,,,,,,,,,,,,,,,,,,,,,,,看護部長,山口佳代子,,,,"",,"",,"",
出塚 中島,,精神病院,,都道府県立,,島根県立こころの医療センター,,https://www.kokoronoiryo.jp/,1969-08-25,,"",224,,693-0032,島根県,出雲市下古志町1574-4,0853-30-0556,,,,,,,院長,小林孝文,,,院長　　,小林孝文,,,,,秘書,長岡,,,,,,,,,,,,総務企画課長,石原誠也,,,看護局長,多久和 かおり,,takuwa-kaori@pref.shimane.lg.jp,,"",,"",,"",
Well-being 大山,,ハートセンター,,都道府県立,,千葉県循環器病センター,チバケンジュンカンキビョウセンター,http://www.pref.chiba.lg.jp/junkan/,1998-02-01,,"",220,一般220,290-0512,千葉県,市原市鶴舞575,0436-88-3111,,0436-88-3032,junkan@mz.pref.chiba.lg.jp,,,,病院長,村山博和,,,病院長,小野→　村山　博和,ムラヤマ　ヒロカズ,千葉大学（昭和55）　心臓血管外科,,,,,,,,,,,,,,,,,事務局長,,,看護局長,渡辺　,,,,"",,"",,"2016年　ＶＨＪ退会
2016年4月　村山先生院長就任",
渡辺,,,,都道府県立,,徳島県立三好病院,トクシマケンリツミヨシビョウイン,http://www.miyoshi-hosp.jp/,1956-02-01,開院式,"",220,一般：206床（うち集中治療室（ICU）4床、高度治療室（HCU）6床、緩和ケア病床20床、結核8床、第2種感染症病床6床,778-8503,徳島県,三好市池田町シマ８１５番地２,0883-72-1131,,0883-72-6910,,,,,院長,住友　正幸,,,院長　　,住友　正幸,スミトモ　マサユキ,徳島大学（昭和56）,,,,,,,,,,,,,,,,,,,,,岸本 小百合,,,,"",,"",,"地域がん診療病院",
出塚,内部留保が多い（2016年度）,その他専門病院,,都道府県立,コドモックル,北海道立子ども総合医療・療育センター,ホッカイドウリツコドモソウゴウイリョウ・リョウイクセンター,https://kodomo.hospital.pref.hokkaido.lg.jp/,2007-09-01,,"",215,,006-0041,北海道,札幌市手稲区金山一条1丁目240番6,011-691-5696,,,,,,,,,,,センター長,續　晶子→髙室 基樹,ツヅキ　アキコ,岩手医科大学　小児科,,,,,,,,,,,,,,,,事務長,,,,看護部長,菅原 弘光→能登 明美,,,,"",,"",,"",
出塚 中島,,精神病院,山形県立鶴岡病院がH27.3.9	「山形県立こころの医療センター」開院により閉鎖,都道府県立,,山形県立こころの医療センター,,http://cocorohosp-yamagata.jp/,1952-03-01,,"",213,,997-0019,山形県,鶴岡市茅原字草見鶴51-1,0235-64-8100,,023-524-1283,,,,,院長,神田　秀人,,,院長,神田　秀人,,,,,,,,,,,,,,,,,,事務局長,,,,看護部長,齊藤 由美⇒小林 純子,,,,"",,"",,"",
Well-being,,,,都道府県立,,愛媛県立新居浜病院,,,,,"",208,,792-0042,愛媛県,新居浜市本郷３丁目１?１,0897-43-6161,,,,,,,,,,,,,,,,,,,,,,,,,,,,,,事務局長,宮﨑,,,看護部長,青野 洋子?→岡本 奈美   ,,,,"",,"",,"",
中島,,急性期,,都道府県立,県民健康プラザ,鹿屋医療センター,カノヤイリョウセンター,http://hospital.pref.kagoshima.jp/kanoya/,1949-12-01,,"",186,,893-0013,鹿児島県,鹿屋市札元1丁目8-8,0994-42-5101,,099-444-3944,,,,,,,,,院長,日高→　原口　優清,ヒダカ　シロウ,鹿児島大学　血液内科学,,,,,,,,,,,,,,,,,,,,総看護師長→看護部長,鶴田 恵→西　里香,,,,"",,"",地域医療支援病院,"",
中島,,,,都道府県立,,新潟県立加茂病院,ニイガタケンリツカモビョウイン,http://www.kamo-hospital.kamo.niigata.jp/,,,"",180,,,新潟県,加茂市青海町1-9-1,0256-52-0701,,,,,,,,,,,院長,秋山　修宏,アキヤマ,新潟大学（昭和５８）　消化器内科,,,,,,,,,,,,,,,,事務部長,,,,看護部長,佐々木 美奈子,,,,"",,"",病院病棟新築・移転,"2024/3/1　県央基幹病院に統合",
出塚,,精神病院,,都道府県立,,北海道立緑ヶ丘病院,,https://midorigaoka.hospital.pref.hokkaido.lg.jp/about/,,,"",168,,080-0334,北海道,河東郡音更町緑が丘1番地,0155-42-3377,,,,,,,,,,,院長　　,東端憲仁,,,,,,,,,,,,,,,,,,事務長,中島　康敬,,,総看護師長,髙橋　千秋,,,,"",,"",,"",
中島,,,,都道府県立,鹿児島県立,鹿児島県立薩南病院,,https://hospital.pref.kagoshima.jp/satsunan/,1952-07-01,,"内科,循環器科,消化器科,人工透析内科,外科・消化器外科,放射線科,産婦人科,麻酔科",160,"一般146床,感染症4床,結核10床",897-0001,鹿児島県,南さつま市加世田村原四丁目11番,0993-53-5300,,0993-53-6764,,,,,,,,,院長,三枝伸二,ミツエ　シンジ,,,,,,,,,,,,,総務課総務係長,内宮浩二,,,,,,,看護部長,牧枝　さとみ→摺木 智恵美20260401,　　　　　　　するき,,,"",,"",,"",
中島,,精神病院,,都道府県立,,香川県立丸亀病院,,https://www.pref.kagawa.lg.jp/marugamebyoin/marugamebyoin/index.html,1923-12-01,大正12年12月　株式会社丸亀中央病院開設,"精神科・内科・歯科・思春期心療内科・心療内科・リハビリテーション科",156,許可病床　215床（精神215床）→稼働病床　156床（精神156床）,763-8518,香川県,丸亀市土器町東９丁目２９１,0877-22-2131,,0877-22-7804,,,,,,,,,院長,伊藤嘉信,,平成6年 徳島大学医学部卒業 同年 徳島大学精神科入局,,,,,,,,,,,,,,,,事務局長,近藤	高弘,,,看護部長,和田睦代,,,,"",,"",,"",
渡辺,内部留保が多い（2016年度）,急性期 その他専門病院,,都道府県立,,千葉県総合救急災害医療センター,チバケンキュウキュウイリョウセンター,https://www.pref.chiba.lg.jp/cepmc/index.html,1980-04-05,,"",150,一般病床：100床、精神科病床：50床,261-0024,千葉県,千葉県千葉市美浜区豊砂6-1,043-239-3333,,,,,,,,,,,病院長,石橋　巌,イシバシ　イワオ,千葉大学（昭和55）循環器内科,,,,,,,,,,,,,,,,,,,,看護部長,金敷 美和（かなしき）,,,,"",,"",,"令和5年11月1日より、千葉県救急医療センターは、千葉県精神科医療センターと統合して「千葉県総合救急災害医療センター」になりました。",
出塚 片桐,,,,都道府県立,,群馬県立小児医療センター,グンマケンリツショウニイリョウセンター,http://www.cmc.pref.gunma.jp/,1982-04-01,,"",150,,377-8577,群馬県,渋川市北橘町下箱田７７９番地,0279-52-3551,,,,,,,,,,,院長,丸山→　外松→　浜島　昭人,ハマジマ　アキト,名古屋市立大学（昭和61年）小児形成外科,,,,,,,,,,,,,,,,事務局長,大野 貴英,,,看護部長,福田 円,,,,"",,"",,"2018年4月　外松先生院長就任",
中島,,精神病院,,都道府県立,地方独立行政法人　長野県立病院機構,長野県立こころの医療センター駒ヶ根,,https://kokokoma-hosp.or.jp/,1956-07-16,,"",129,児童精神科（A1）病棟 15床 急性期治療（A2）病棟 34床 救急・急性期（B1）病棟 41床 総合治療（B2）病棟 33床 医療観察法（BF）ユニット 6床,399-4101,長野県,駒ヶ根市下平2901,0265-83-3181,,0265-83-4158,,,,,,,,,,,,,,,,,,,,,,,,,,,,,,,,,,,,,"",,"",,"",
Well-being,,,,都道府県立,,愛媛県立南宇和病院,,,,,"",120,,798-4131,愛媛県,南宇和郡愛南町城辺甲２４３３?１,0895-72-1231,,0895-72-5552,,,,,,,,,,,,,,,,,,,,,,,,,,,,事務局長,池内　→　不明,,,看護部長,近藤 恵子→川田 仁美,,,,"",,"",,"",
出塚 中島,,,,都道府県立,,茨城県立こども病院,イバラキケンリツコドモビョウイン,https://www.ibaraki-kodomo.com/ich/,1985-04-01,,"",115,,311-4145,茨城県,水戸市双葉台3丁目3番地の1,029-254-1151,,029-254-2382,,,,,病院長,新井　順一,,,病院長,須磨﨑　亮→新井　順一,,,,,,,,,,,,,,,,,,,,,,看護局長　,高麗　美智子（こうらい）→平賀　紀子,,,,"",,"",,"運営は茨城県済生会

2018年1月　須磨﨑先生　病院長就任",
出塚 中島,,精神病院 リハビリ,,都道府県立,,兵庫県立リハビリテーション西播磨病院,,https://www.hwc.or.jp/nishiharima/hospital/,,,"",100,,679-5165,兵庫県,たつの市新宮町光都1丁目7番1号,0791-58-1050,,079-158-1072,,,,,,,,,院長　　,加藤順一,,,,,,,,,,,,,,,,,,,,,,看護部長,柏木 史江→前田　光子,,,,"",,"",,"",
渡辺,,その他専門病院,,都道府県立,,新潟県立リウマチセンター,ニイガタケンリツリウマチセンター,https://www.ra-center.com/index.html,1981-04-01,,"",100,リウマチ病棟52、回復リハ48,957-0054,新潟県,新発田市本町1丁目2番8号,0254-23-7751,,0254-23-7762,,,,,,,,,院長,石川　肇,イシカワ　ハジメ,山形大学（昭和57）整形外科,,,,,,,,,,,,,,,,,,,,,,,,,"",,"",,"国内唯一の公立リウマチ専門病院",
出塚,内部留保が多い（2016年度）,急性期 その他専門病院,,都道府県立,,滋賀県立小児保健医療センター（R7：滋賀県立総合病院と統合）,シガケンリツショウニホケンイリョウセンター,http://www.pref.shiga.lg.jp/mccs/index.html,,,"",100,,524-0022,滋賀県,守山市守山5丁目7-30,077-582-6200,,,,,,,病院長,二見 徹,,,病院長,二見 徹,フタミ　トオル,京都大学　整形外科（小児整形外科）,,,,,,,,,,,,,,,,,,,,,,,,,"",,"",,"滋賀県立小児保健医療センターは令和７年１月１日に滋賀県立総合病院と統合し、あらたな「滋賀県立総合病院」としてスタートします。",
渡辺,,急性期 その他専門病院,,都道府県立,,兵庫県立粒子線医療センター,ヒョウゴケンリツリュウシセンイリョウセンター,http://www.hibmc.shingu.hyogo.jp/,2001-04-01,,"",50,,679-5165,兵庫県,たつの市新宮町光都1丁目2-1,0791-58-0100,,,,,,,,,,,院長,沖本　智昭,オキモト　トモアキ,長崎大学（平成2）　放射線学,,,,,,,,,,,,,,,,,,,,,,,,,"",,"",,"",
,,,,都道府県立,,鹿児島県立北薩病院,,https://hospital.pref.kagoshima.jp/hokusatsu/,,,"",50,一般39床，ケア９床，感染症２床,895-2526,鹿児島県,伊佐市大口宮人502-4,0995-22-8511,,0995-22-6783,hok-hos@pref.kagoshima.lg.jp,,,,,,,,,,,,,,,,,,,,,,,,,,,事務長,今村一美→寺岡　稔,,,,,,,,"",,"",,"",
出塚 中島,,,,都道府県立,,静岡県立こども病院,,http://www.shizuoka-pho.jp/kodomo/,1977-04-01,,"",,,420-8660,静岡県,静岡市葵区漆山８６０,054-247-6251,,054-247-6259,,,,,院長 ,坂本 喜三郎,,,院長 ,坂本 喜三郎,,,,,秘書,佐野,,,,,,,,,,,,,,,,副院長兼看護部長,内藤美樹→鈴木千里,,,,"",,"",,"",
渡辺,,,,都道府県立,東京都福祉保健局,医療政策部医療政策課　がん対策担当　,,http://www.fukushihoken.metro.tokyo.jp/joho/soshiki/isei/isei/,,,"",,,163-8001,東京都,新宿区西新宿２丁目８－１　都庁第一本庁舎28階南側,03-5320-4389,,,,,,,,,,,課長,千葉　清隆,チバ　キヨタカ,,,,,,,,,,,,,,,,,,,,,,,,,,"",,"",,"「東京都がん対策推進計画」",
渡辺,再編勧告の424病院 内部留保が多い（2016年度）,ハートセンター 急性期 その他専門病院,,都道府県立,,兵庫県立姫路循環器病センター（閉院）,ヒョウゴケンリツヒメジジュンカンキビョウ,,1981-06-01,,"",,,,兵庫県,,079-293-3131,,079-295-8199,,,,,院長,向原 伸彦,,,院長,,,,,,,,,,,,,,,,,,,,,,,,,,,,"",,"",TAVI,"2022年上期　製鉄記念広畑病院と統合し、県立はりま姫路総合医療センター（仮）オープン予定
",
